{
  "POST /api/v1/beta/translate" : {
    "transaction" : "POST /api/v1/beta/translate",
    "sampleCount" : 61615,
    "errorCount" : 61615,
    "errorPct" : 100.0,
    "meanResTime" : 65.84205144851084,
    "medianResTime" : 93.0,
    "minResTime" : 2.0,
    "maxResTime" : 460.0,
    "pct1ResTime" : 162.0,
    "pct2ResTime" : 193.0,
    "pct3ResTime" : 280.0,
    "throughput" : 694.9425909634341,
    "receivedKBytesPerSec" : 120.12191269582797,
    "sentKBytesPerSec" : 308.7879676644165
  },
  "Total" : {
    "transaction" : "Total",
    "sampleCount" : 61615,
    "errorCount" : 61615,
    "errorPct" : 100.0,
    "meanResTime" : 65.84205144851084,
    "medianResTime" : 93.0,
    "minResTime" : 2.0,
    "maxResTime" : 460.0,
    "pct1ResTime" : 162.0,
    "pct2ResTime" : 193.0,
    "pct3ResTime" : 280.0,
    "throughput" : 694.9425909634341,
    "receivedKBytesPerSec" : 120.12191269582797,
    "sentKBytesPerSec" : 308.7879676644165
  }
}